{
  "appid": "wx9ad7a3eff76d1b99",
  "compileType": "miniprogram",
  "libVersion": "2.32.0",
  "packOptions": {
    "ignore": [],
    "include": []
  },
  "setting": {
    "coverView": true,
    "es6": true,
    "postcss": true,
    "minified": true,
    "enhance": true,
    "showShadowRootInWxmlPanel": true,
    "packNpmRelationList": [],
    "babelSetting": {
      "ignore": [],
      "disablePlugins": [],
      "outputPath": ""
    },
    "lazyloadPlaceholderEnable": false,
    "preloadBackgroundData": false,
    "autoAudits": false,
    "uglifyFileName": false,
    "uploadWithSourceMap": true,
    "useMultiFrameRuntime": true,
    "packNpmManually": false,
    "minifyWXSS": true,
    "useStaticServer": true,
    "showES6CompileOption": false,
    "checkInvalidKey": true,
    "disableUseStrict": false,
    "useCompilerPlugins": false,
    "minifyWXML": true
  },
  "condition": {},
  "editorSetting": {
    "tabIndent": "insertSpaces",
    "tabSize": 2
  },
  "description": "项目配置文件，详见文档：https://developers.weixin.qq.com/miniprogram/dev/devtools/projectconfig.html"
}